"Company: ","Caterpillar Inc (CAT:US)","","","","","","","","","","","","","","","","","","","","","","","",""
"Exchange: ","NYSE","","","","","","","","","","","","","","","","","","","","","","","",""
"Last Close Price: ","327.4","","","","","","","","","","","","","","","","","","","","","","","",""
"Industry: ","Machinery","","","","","","","","","","","","","","","","","","","","","","","",""
"Currency: ","USD","","","","","","","","","","","","","","","","","","","","","","","",""
"Country: ","US","","","","","","","","","","","","","","","","","","","","","","","",""
"Market Cap.: ","161387","","","","","","","","","","","","","","","","","","","","","","","",""
"Enterprise Value: ","181259","","","","","","","","","","","","","","","","","","","","","","","",""
"period_end_date","2000-12","2001-12","2002-12","2003-12","2004-12","2005-12","2006-12","2007-12","2008-12","2009-12","2010-12","2011-12","2012-12","2013-12","2014-12","2015-12","2016-12","2017-12","2018-12","2019-12","2020-12","2021-12","2022-12","2023-12","TTM"
"revenue","20175","20450","20152","22807","30306","36339","41517","44958","51324","32396","42588","60138","65875","55656","55184","47011","38537","45462","54722","53800","41748","50971","59427","67060","66997"
"cogs","14497","15219","15146","16997","23244","26558","29549","32626","38415","23886","31281","44404","47852","41454","41342","34133","28640","31906","37719","37384","29671","35968","41915","43797","43437"
"gross_profit","5678","5231","5006","5810","7062","9781","11968","12332","12909","8510","11307","15734","18023","14202","13842","12878","9897","13556","17003","16416","12077","15003","17512","23263","23560"
"sga","2604","2567","2094","2322","2926","3190","3706","3821","4399","3645","4248","5203","5919","5547","6529","4951","4383","4999","5478","5162","4642","5365","5651","6371","6485"
"rnd","649","696","656","669","928","1084","1347","1404","1728","1421","1905","2297","2466","2046","2380","2119","1853","1842","1850","1693","1415","1686","1814","2108","2156"
"special_charges","","","","","","","","","","","","","","","","","","","","","","","","",""
"other_opex","","657","411","675","524","955","","","","","1191","1081","485","981","1619","2023","1904","2255","1382","1271","1467","1074","1218","1818","1165"
"total_opex","3253","3920","3161","3666","4378","5229","5053","5225","6127","5066","7344","8581","8870","8574","10528","9093","8140","9096","8710","8126","7524","8125","8683","10297","9806"
"operating_income","2425","1311","1845","2144","2684","4552","6915","7107","6782","3444","3963","7153","9153","5628","3314","3785","1757","4460","8293","8290","4553","6878","8829","12966","13754"
"net_interest_income_normal","","","-800","-720","-750","-1028","-1214","-1321","-1326","-1336","-257","-311","-385","-381","-418","-442","-431","-409","-209","-219","-402","-408","-276","-17","12"
"other_nonoperating_income","-925","-142","69","53","773","377","-840","-796","-955","-1539","44","-117","-532","-119","256","96","-1187","31","-262","-259","-156","1734","199","101","182"
"pretax_income","1500","1169","1114","1477","2707","3901","4861","4990","4501","569","3750","6725","8236","5128","3152","3439","139","4082","7822","7812","3995","8204","8752","13050","13948"
"income_tax","-447","-367","-312","-398","-731","-1120","-1405","-1485","-953","270","-968","-1720","-2528","-1319","-692","-916","-192","-3339","-1698","-1746","-1006","-1742","-2067","-2781","-2761"
"net_income_continuing","1053","802","802","1079","1976","2781","3456","3505","3548","839","2782","5005","5708","3809","2460","2523","-53","743","6124","6066","2989","6462","6685","10269","11187"
"net_income_discontinued","","","","","","","","","","","","","","","","","","","","","","","","",""
"income_allocated_to_minority_interest","","","","","","","","-37","-28","68","-58","-53","-41","-14","-16","-11","-8","-5","-1","-1","-5","-4","1","3","4"
"other_income_statement_items","","3","-4","20","59","73","81","73","37","-12","-24","-24","14","-6","8","","-6","16","24","28","14","31","19","63","57"
"net_income","1053","805","798","1099","2035","2854","3537","3541","3557","895","2700","4928","5681","3789","2452","2512","-67","754","6147","6093","2998","6489","6705","10335","11248"
"preferred_dividends","","","","","","","","","","","","","","","","","","","","","","","","",""
"net_income_available_to_shareholders","1053","805","798","1099","2035","2854","3537","3541","3557","895","2700","4928","5681","3789","2452","2512","-67","754","6147","6093","2998","6489","6705","10335","11248"
"eps_basic","1.52","1.18","1.16","1.59","1.49","4.21","5.37","5.55","5.83","1.45","4.28","7.64","8.710000000000001","5.87","3.97","4.23","-0.11","1.27","10.39","10.85","5.51","11.93","12.72","20.24","22.27"
"eps_diluted","1.51","1.16","1.15","1.56","1.44","4.04","5.17","5.37","5.66","1.43","4.15","7.4","8.48","5.75","3.9","4.18","-0.11","1.26","10.26","10.74","5.46","11.83","12.64","20.12","22.15"
"shares_basic","692.763","686.6","688","690.4","1369","678.4","658.7","638.2","610.5","615.2","631.5","645","652.6","645.2","617.2","594.3","584.3","591.8","591.4","561.6","544.1","544","526.9","510.6","510.6"
"shares_diluted","697.351","694.2","693.8","702.7","1414.8","705.8","683.8","659.5","627.9","626","650.4","666.1","669.6","658.6","628.9","601.3","584.3","599.3","599.4","567.5","548.6","548.5","530.4","513.6","513.6"
"cash_and_equiv","334","400","309","342","445","1108","530","1122","2736","4867","3592","3057","5490","6081","7341","6460","7168","8261","7857","8284","9352","9254","7004","6978","6978"
"st_investments","","","","","","","","","","","","","","","","","","","","","","","","",""
"receivables","8079","8441","8258","9197","12645","14348","15411","15752","18128","13912","16792","17725","18566","17176","16764","15686","14503","16193","17452","17904","16780","17375","17869","18820","18820"
"inventories","2692","2925","2763","3047","4675","5224","6351","7204","8781","6360","9587","14544","15547","12625","12205","9700","8614","10018","11529","11266","11402","14038","16270","16565","16565"
"other_current_assets","1416","1634","3150","3681","1767","2505","1371","1399","2240","2078","1839","2574","2535","2453","2557","1662","1682","1772","1765","1739","1930","2788","2642","4586","4586"
"total_current_assets","12521","13400","14480","16267","19532","23185","23663","25477","31885","27217","31810","37900","42138","38335","38867","33508","31967","36244","38603","39193","39464","43455","43785","46949","46949"
"equity_and_other_investments","","","747","800","","565","562","598","94","105","164","133","272","272","257","","","","","","","","","",""
"ppe_gross","11438","12790","13504","14290","15164","15862","17278","19208","23487","24221","24906","27326","29932","31316","31572","31977","31940","31538","29781","29217","29271","28871","28064","28623","28623"
"accumulated_depreciation","-5850","-6187","-6495","-7039","-7482","-7874","-8427","-9211","-10963","-11835","-12367","-12931","-13471","-14241","-14995","-15887","-16618","-17383","-16207","-16313","-16870","-16781","-16036","-15943","-15943"
"ppe_net","5588","6603","7009","7251","7682","7988","8851","9997","12524","12386","12539","14395","16461","17075","16577","16090","15322","14155","13574","12904","12401","12090","12028","12680","12680"
"intangible_assets","1507","1671","281","239","1765","424","387","475","511","465","805","4368","4016","3596","3076","2821","2349","2111","1897","1565","1308","1042","758","564","564"
"goodwill","","","1402","1398","","1451","1904","1963","2261","2269","2614","7080","6942","6956","6694","6615","6020","6200","6217","6196","6394","6324","5288","5308","5308"
"other_lt_assets","8848","8983","8786","10756","14116","13940","16082","17622","20507","17596","16088","17342","19141","18662","19210","19308","19046","18252","18218","18595","18757","19882","20084","21975","21975"
"total_assets","28464","30657","32705","36711","43095","47553","51449","56132","67782","60038","64020","81218","88970","84896","84681","78342","74704","76962","78509","78453","78324","82793","81943","87476","87476"
"accounts_payable","2339","2123","1790","2259","3580","3412","4085","4723","4827","2993","5856","8161","6753","6560","6515","5023","4614","6487","7051","5957","6128","8154","8689","7906","7906"
"tax_payable","","","","","","","","","","","","","","","","","","","","","","","","",""
"current_accrued_liabilities","","2711","1620","1952","3991","2617","2923","3178","3254","2641","4550","5796","5578","5115","5986","5110","4299","5779","5957","5379","4738","5999","6393","7715","7715"
"st_debt","3733","5311","6087","5738","7688","10068","9616","10600","12701","9784","7981","9648","12391","11031","11501","12844","13965","11031","11553","11376","11164","11756","11279","13406","13406"
"current_deferred_revenue","","","259","253","","454","921","1442","1898","1217","1831","2487","2638","2360","1697","1146","1167","1426","1243","1187","1108","1087","1860","1929","1929"
"current_deferred_tax_liability","","11","70","216","259","","","","","","","","","","","","","","","","","","","",""
"other_current_liabilities","2496","120","1899","1929","588","2781","2277","2302","2945","2340","1802","2265","2055","2231","2178","2119","2087","2208","2414","2722","2579","2851","3310","3772","3772"
"total_current_liabilities","8568","10276","11725","12347","16106","19332","19822","22245","25625","18975","22020","28357","29415","27297","27877","26242","26132","26931","28218","26621","25717","29847","31531","34728","34728"
"lt_debt","11334","11291","11774","14546","15837","15677","17680","17829","22834","21847","20356","24898","27679","26622","27699","25092","22750","23410","24503","26153","25896","25954","25826","24533","24533"
"noncurrent_capital_leases","","","","","","","","","","","81","46","73","97","85","77","68","437","497","128","103","79","-112","-61","-61"
"pension_liabilities","","","3333","3172","","3161","5879","5059","9975","7420","7584","10956","11085","6973","8963","8843","9357","8365","7455","6599","6872","5592","4203","4098","4098"
"noncurrent_deferred_revenue","448","376","401","568","699","","","","","","","","","","","","","","","","","","","",""
"other_lt_liabilities","2514","3103","","","2986","951","1209","2003","2634","2496","3115","4032","3136","3029","3231","3203","3184","4053","3756","4323","4358","4805","4604","4675","4675"
"total_liabilities","22864","25046","27233","30633","35628","39121","44590","47136","61068","50738","53156","68289","71388","64018","67855","63457","61491","63196","64429","63824","62946","66277","66052","67973","67973"
"common_stock","1048","1043","1034","1059","1231","1859","2465","2744","3057","3439","3888","4273","4481","4709","5016","5238","5277","5593","5827","5935","6230","6398","6560","6403","6403"
"preferred_stock","","","","","","","","","","","","","","","","","","","","","","","","",""
"retained_earnings","7205","7533","7849","8450","9937","11808","14593","17398","19826","19711","21384","25219","29558","31854","33887","29246","27377","26301","30427","34437","35167","39282","43514","51250","51250"
"aoci","23","-269","-742","-517","-424","-598","-2847","-1808","-5579","-3764","-4051","-6328","-6433","-3898","-6431","-2035","-2039","-1192","-1684","-1567","-888","-1553","-2457","-1820","-1820"
"apic","","","","","","","","","","","","","","","","","","","","","","","","",""
"treasury_stock","-2676","-2696","-2669","-2914","-3277","-4637","-7352","-9451","-11217","-10646","-10397","-10281","-10074","-11854","-15726","-17640","-17478","-17005","-20531","-24217","-25178","-27643","-31748","-36339","-36339"
"other_equity","","","","","","","","","","","","","","","","","","","","","","","","",""
"minority_interest_liability","","","","","","","","113","627","560","40","46","50","67","80","76","76","69","41","41","47","32","22","9","9"
"total_equity","5600","5611","5472","6078","7467","8432","6859","8996","6714","9300","10864","12929","17582","20878","16826","14885","13213","13766","14080","14629","15378","16516","15891","19503","19503"
"total_liabilities_and_equity","28464","30657","32705","36711","43095","47553","51449","56132","67782","60038","64020","81218","88970","84896","84681","78342","74704","76962","78509","78453","78324","82793","81943","87476","87476"
"cfo_net_income","1053","805","798","1099","2035","2854","3537","3578","3585","827","2758","4981","5722","3803","2468","2523","-59","759","6148","6094","3003","6493","6704","10332","11244"
"cfo_da","1022","1169","1220","1347","1397","1477","1602","1797","1980","2336","2296","2527","2813","3087","3163","3046","3034","2877","2766","2577","2432","2352","2219","2144","2136"
"cfo_receivables","-327","99","-6323","-8115","-7616","-970","-148","899","-545","4014","-2320","-1409","-15","835","163","764","829","-1151","-1619","171","1442","-1259","-220","-437","-189"
"cfo_inventory","-54","-211","162","-286","-1391","-568","-827","-745","-833","2501","-2667","-2927","-1149","2658","101","2274","1109","-1295","-1579","274","-34","-2586","-2589","-364","600"
"cfo_prepaid_expenses","","","","","","","","","","","","","","","","","","","","","","","","",""
"cfo_other_working_capital","245","-372","-169","413","1697","340","1438","2264","130","-3316","4473","3328","-2576","-674","22","-2233","-1282","2252","-879","-3375","-1825","3198","1009","952","-64"
"cfo_change_in_working_capital","-136","-484","-6330","-7988","-7310","-1198","463","2418","-1248","3199","-514","-1008","-3740","2819","286","805","656","-194","-4077","-2930","-417","-647","-1800","151","347"
"cfo_deferred_tax","","","","","","","","","","","","","","","-954","-307","-431","1213","220","28","-74","-383","-377","-592","-455"
"cfo_stock_comp","","","","","","","","","","","","","","","","","","","","","","","","",""
"cfo_other_noncash_items","120","497","350","-69","-113","-20","197","162","355","137","469","457","389","482","3094","632","2439","1051","1501","1143","1383","-617","1020","850","92"
"cf_cfo","2059","1987","-3962","-5611","-3991","3113","5799","7955","4672","6499","5009","6957","5184","10191","8057","6699","5639","5706","6558","6912","6327","7198","7766","12885","13364"
"cfi_ppe_net","-1125","-1612","-484","-322","-1441","-577","-510","-932","-584","274","1469","1354","1117","844","904","760","899","1164","936","1153","772","1265","830","781","752"
"cfi_acquisitions_net","","","-294","-268","-290","-13","-513","-229","-117","-19","-1126","-7808","1199","365","199","178","","100","16","41","25","36","1","-4","42"
"cfi_investment_net","","","","-96","290","-81","-142","-203","18","-58","-1115","-8273","-714","-148","-45","-534","112","-175","-456","-70","-404","-1471","-782","-2589","-695"
"cfi_intangibles_net","","","","","","","","","","","","","","","","","","","","","","","","",""
"cfi_other","-1628","-1315","4398","5570","3518","-2854","-2631","-3044","-5488","649","-823","3300","-7792","-6107","-4685","-3921","-2791","-2055","-3708","-3052","-1878","-2914","-2590","-4059","-4329"
"cf_cfi","-2753","-2927","3620","4884","2077","-3525","-3796","-4408","-6171","846","-1595","-11427","-6190","-5046","-3627","-3517","-1780","-966","-3212","-1928","-1485","-3084","-2541","-5871","-4230"
"cff_common_stock_net","-408","-37","10","-248","-222","-1202","-2794","-2077","-1665","89","296","123","52","-1872","-3999","-1992","-23","566","-3485","-3809","-901","-2533","-4179","-4963","-9013"
"cff_pfd_net","","","","","","","","","","","","","","","","","","","","","","","","",""
"cff_debt_net","1413","1529","696","1484","2630","2973","758","-146","5565","-4280","-3846","4877","5434","-1611","2444","-138","-1313","-2383","1840","1406","-610","681","-652","594","766"
"cff_dividend_paid","-462","-474","-481","-491","-534","-618","-726","-845","-953","-1029","-1084","-1159","-1617","-1111","-1620","-1757","-1799","-1831","-1951","-2132","-2243","-2332","-2440","-2563","-2591"
"cff_other","","","","","","","169","79","8","5","21","178","-263","83","179","-7","-8","-9","-54","-3","-1","-4","-10","","12"
"cf_cff","543","1018","225","745","1874","1153","-2593","-2989","2955","-5215","-4613","4019","3606","-4511","-2996","-3894","-3143","-3657","-3650","-4538","-3755","-4188","-7281","-6932","-10826"
"ebitda","3447","2480","3065","3491","4081","6029","8517","8904","8762","5780","6259","9680","11966","8715","6477","6831","4791","7337","11059","10867","6985","9230","11048","15110","15890"
"capex","-1125","-1612","-484","-322","-1441","-577","-510","-932","-584","274","1469","1354","1117","844","904","760","899","1164","936","1153","772","1265","830","781","752"
"fcf","934","375","-4446","-5933","-5432","2536","5289","7023","4088","6773","6478","8311","6301","11035","8961","7459","6538","6870","7494","8065","7099","8463","8596","13666","14116"
"book_value","5600","5611","5472","6078","7467","8432","6859","8996","6714","9300","10864","12929","17582","20878","16826","14885","13213","13766","14080","14629","15378","16516","15891","19503","17645"
"tangible_book_value","4093","3940","3789","4441","5702","6557","4568","6558","3942","6566","7445","1481","6624","10326","7056","5449","4844","5455","5966","6868","7676","9150","9845","13631","11852"
"roa","0.04","0.03","0.03","0.03","0.05","0.06","0.07000000000000001","0.07000000000000001","0.06","0.01","0.04","0.07000000000000001","0.07000000000000001","0.04","0.03","0.03","","0.01","0.08","0.08","0.04","0.08","0.08","0.12","0.13"
"roe","0.19","0.14","0.14","0.19","0.3","0.36","0.46","0.45","0.45","0.11","0.27","0.41","0.37","0.2","0.13","0.16","","0.06","0.44","0.42","0.2","0.41","0.41","0.58","0.63"
"roic","0.05","0.04","0.04","0.04","0.07000000000000001","0.09","0.1","0.1","0.09","0.02","0.07000000000000001","0.11","0.11","0.07000000000000001","0.04","0.05","","0.02","0.12","0.12","0.06","0.12","0.13","0.19","0.2"
"roce","0.11","0.05","0.07000000000000001","0.08","0.08","0.12","0.17","0.17","0.14","0.07000000000000001","0.08","0.13","0.14","0.08","0.05","0.06","0.03","0.07000000000000001","0.13","0.13","0.07000000000000001","0.11","0.14","0.2","0.21"
"rotce","0.11","0.06","0.07000000000000001","0.08","0.09","0.13","0.18","0.18","0.14","0.07000000000000001","0.08","0.15","0.16","0.09","0.06","0.07000000000000001","0.03","0.08","0.16","0.15","0.08","0.12","0.16","0.22","0.24"
"gross_margin","0.28","0.26","0.25","0.25","0.23","0.27","0.29","0.27","0.25","0.26","0.27","0.26","0.27","0.26","0.25","0.27","0.26","0.3","0.31","0.31","0.29","0.29","0.29","0.35","0.35"
"ebitda_margin","0.17","0.12","0.15","0.15","0.13","0.17","0.21","0.2","0.17","0.18","0.15","0.16","0.18","0.16","0.12","0.15","0.12","0.16","0.2","0.2","0.17","0.18","0.19","0.23","0.24"
"operating_margin","0.12","0.06","0.09","0.09","0.09","0.13","0.17","0.16","0.13","0.11","0.09","0.12","0.14","0.1","0.06","0.08","0.05","0.1","0.15","0.15","0.11","0.13","0.15","0.19","0.21"
"pretax_margin","0.07000000000000001","0.06","0.06","0.06","0.09","0.11","0.12","0.11","0.09","0.02","0.09","0.11","0.13","0.09","0.06","0.07000000000000001","","0.09","0.14","0.15","0.1","0.16","0.15","0.19","0.21"
"net_income_margin","0.05","0.04","0.04","0.05","0.07000000000000001","0.08","0.09","0.08","0.07000000000000001","0.03","0.06","0.08","0.09","0.07000000000000001","0.04","0.05","","0.02","0.11","0.11","0.07000000000000001","0.13","0.11","0.15","0.17"
"fcf_margin","0.05","0.02","-0.22","-0.26","-0.18","0.07000000000000001","0.13","0.16","0.08","0.21","0.15","0.14","0.1","0.2","0.16","0.16","0.17","0.15","0.14","0.15","0.17","0.17","0.14","0.2","0.21"
"assets_to_equity","5.08","5.46","5.98","6.04","5.77","5.64","7.5","6.24","10.1","6.46","5.89","6.28","5.06","4.07","5.03","5.26","5.65","5.59","5.58","5.36","5.09","5.01","5.16","4.49","4.75"
"equity_to_assets","0.2","0.18","0.17","0.17","0.17","0.18","0.13","0.16","0.1","0.15","0.17","0.16","0.2","0.25","0.2","0.19","0.18","0.18","0.18","0.19","0.2","0.2","0.19","0.22","0.21"
"debt_to_equity","2.69","2.96","3.26","3.34","3.15","3.05","3.98","3.16","5.29","3.4","2.62","2.68","2.28","1.81","2.33","2.55","2.78","2.53","2.6","2.57","2.42","2.29","2.33","1.94","2.15"
"debt_to_assets","0.53","0.54","0.55","0.55","0.55","0.54","0.53","0.51","0.52","0.53","0.44","0.43","0.45","0.44","0.46","0.49","0.49","0.45","0.47","0.48","0.47","0.46","0.45","0.43","0.45"
"revenue_per_share","28.93","29.46","29.05","32.46","21.42","51.49","60.72","68.17","81.73999999999999","51.75","65.48","90.28","98.38","84.51000000000001","87.75","78.18000000000001","65.95","75.86","91.29000000000001","94.8","76.09999999999999","92.93000000000001","112.04","130.57","131.86"
"ebitda_per_share","4.94","3.57","4.42","4.97","2.88","8.539999999999999","12.46","13.5","13.95","9.23","9.619999999999999","14.53","17.87","13.23","10.3","11.36","8.199999999999999","12.24","18.45","19.15","12.73","16.83","20.83","29.42","31.28"
"operating_income_per_share","3.48","1.89","2.66","3.05","1.9","6.45","10.11","10.78","10.8","5.5","6.09","10.74","13.67","8.550000000000001","5.27","6.29","3.01","7.44","13.84","14.61","8.300000000000001","12.54","16.65","25.25","27.08"
"pretax_income_per_share","2.15","1.68","1.61","2.1","1.91","5.53","7.11","7.57","7.17","0.91","5.77","10.1","12.3","7.79","5.01","5.72","0.24","6.81","13.05","13.77","7.28","14.96","16.5","25.41","27.46"
"fcf_per_share","1.34","0.54","-6.41","-8.44","-3.84","3.59","7.73","10.65","6.51","10.82","9.960000000000001","12.48","9.41","16.76","14.25","12.4","11.19","11.46","12.5","14.21","12.94","15.43","16.21","26.61","27.73"
"book_value_per_share","8.029999999999999","8.08","7.89","8.65","5.28","11.95","10.03","13.64","10.69","14.86","16.7","19.41","26.26","31.7","26.75","24.75","22.61","22.97","23.49","25.78","28.03","30.11","29.96","37.97","35.51"
"tangible_book_per_share","5.87","5.68","5.46","6.32","4.03","9.289999999999999","6.68","9.94","6.28","10.49","11.45","2.22","9.890000000000001","15.68","11.22","9.06","8.289999999999999","9.1","9.949999999999999","12.1","13.99","16.68","18.56","26.54","23.85"
"payout_ratio","0.44","0.59","0.61","0.46","0.54","0.23","0.21","0.25","0.28","1.17","0.41","0.24","0.23","0.39","0.67","0.7","-28","2.46","0.32","0.35","0.75","0.36","0.37","0.25","0.23"
"revenue_growth","0.02","0.01","-0.01","0.13","0.33","0.2","0.14","0.08","0.14","-0.37","0.31","0.41","0.1","-0.16","-0.01","-0.15","-0.18","0.18","0.2","-0.02","-0.22","0.22","0.17","0.13",""
"gross_profit_growth","-0.08","-0.08","-0.04","0.16","0.22","0.39","0.22","0.03","0.05","-0.34","0.33","0.39","0.15","-0.21","-0.03","-0.07000000000000001","-0.23","0.37","0.25","-0.03","-0.26","0.24","0.17","0.33",""
"ebitda_growth","0.15","-0.28","0.24","0.14","0.17","0.48","0.41","0.05","-0.02","-0.34","0.08","0.55","0.24","-0.27","-0.26","0.05","-0.3","0.53","0.51","-0.02","-0.36","0.32","0.2","0.37",""
"operating_income_growth","0.18","-0.46","0.41","0.16","0.25","0.7","0.52","0.03","-0.05","-0.49","0.15","0.8","0.28","-0.39","-0.41","0.14","-0.54","1.54","0.86","","-0.45","0.51","0.28","0.47",""
"pretax_income_growth","0.07000000000000001","-0.22","-0.05","0.33","0.83","0.44","0.25","0.03","-0.1","-0.87","5.59","0.79","0.22","-0.38","-0.39","0.09","-0.96","28.37","0.92","","-0.49","1.05","0.07000000000000001","0.49",""
"net_income_growth","0.11","-0.24","-0.01","0.38","0.85","0.4","0.24","","","-0.75","2.02","0.83","0.15","-0.33","-0.35","0.02","-1.03","12.25","7.15","-0.01","-0.51","1.16","0.03","0.54",""
"eps_diluted_growth","0.15","-0.23","-0.01","0.36","-0.08","1.81","0.28","0.04","0.05","-0.75","1.9","0.78","0.15","-0.32","-0.32","0.07000000000000001","-1.03","12.45","7.14","0.05","-0.49","1.17","0.07000000000000001","0.59",""
"shares_diluted_growth","-0.03","","","0.01","1.01","-0.5","-0.03","-0.04","-0.05","","0.04","0.02","0.01","-0.02","-0.05","-0.04","-0.03","0.03","","-0.05","-0.03","","-0.03","-0.03",""
"cash_and_equiv_growth","-0.39","0.2","-0.23","0.11","0.3","1.49","-0.52","1.12","1.44","0.78","-0.26","-0.15","0.8","0.11","0.21","-0.12","0.11","0.15","-0.05","0.05","0.13","-0.01","-0.24","",""
"ppe_growth","0.07000000000000001","0.18","0.06","0.03","0.06","0.04","0.11","0.13","0.25","-0.01","0.01","0.15","0.14","0.04","-0.03","-0.03","-0.05","-0.08","-0.04","-0.05","-0.04","-0.03","-0.01","0.05",""
"total_assets_growth","0.07000000000000001","0.08","0.07000000000000001","0.12","0.17","0.1","0.08","0.09","0.21","-0.11","0.07000000000000001","0.27","0.1","-0.05","","-0.07000000000000001","-0.05","0.03","0.02","","","0.06","-0.01","0.07000000000000001",""
"total_equity_growth","0.02","","-0.02","0.11","0.23","0.13","-0.19","0.31","-0.25","0.39","0.17","0.19","0.36","0.19","-0.19","-0.12","-0.11","0.04","0.02","0.04","0.05","0.07000000000000001","-0.04","0.23",""
"cfo_growth","-0.21","-0.03","-2.99","-0.42","0.29","1.78","0.86","0.37","-0.41","0.39","-0.23","0.39","-0.25","0.97","-0.21","-0.17","-0.16","0.01","0.15","0.05","-0.08","0.14","0.08","0.66",""
"capex_growth","-0.06","-0.43","0.7","0.33","-3.48","0.6","0.12","-0.83","0.37","1.47","4.36","-0.08","-0.18","-0.24","0.07000000000000001","-0.16","0.18","0.29","-0.2","0.23","-0.33","0.64","-0.34","-0.06",""
"fcf_growth","-0.39","-0.6","-12.86","-0.33","0.08","1.47","1.09","0.33","-0.42","0.66","-0.04","0.28","-0.24","0.75","-0.19","-0.17","-0.12","0.05","0.09","0.08","-0.12","0.19","0.02","0.59",""
"shares_eop","686.794","686.753","688.51","687.524","685.874","670.867","645.808","623.986","601.527","624.723","638.823","647.533","655.048","637.822","606.167","582.322","586.486","597.626","575.543","550.083","545.304","535.888","516.346","499.377","489.05"
"dividends","0.67","0.6899999999999999","0.7","0.71","0.78","0.91","1.1","1.32","1.56","1.68","1.72","1.8","1.96","2.24","2.6","2.94","3.08","3.1","3.28","3.78","4.12","4.28","4.62","5","5.1"
"price_to_earnings","15.43","22.29","19.72","25.97","16.43","13.58","11.2","12.79","7.55","39.78","22.16","11.9","10.33","15.29","22.63","15.75","-811.8","124.9","11.9","13.33","33.11","17.07","18.45","14.29","15.94"
"price_to_book","2.9","3.2","2.88","4.7","4.48","4.6","5.77","5.03","4","3.83","5.51","4.54","3.34","2.77","3.3","2.66","4.12","6.84","5.19","5.55","6.45","6.71","7.78","7.57","10.16"
"price_to_sales","0.8100000000000001","0.88","0.78","1.25","1.1","1.07","0.95","1.01","0.52","1.1","1.4","0.98","0.89","1.04","1.01","0.84","1.41","2.07","1.34","1.51","2.38","2.17","2.08","2.2","2.68"
"price_to_tangible_book","3.97","4.55","4.15","6.43","5.87","5.91","8.67","6.9","6.82","5.42","8.039999999999999","39.61","8.859999999999999","5.61","7.86","7.26","11.23","17.26","12.26","11.83","12.93","12.11","12.56","10.83","15.13"
"price_to_fcf","17.4","47.85","-3.54","-4.81","-6.16","15.28","7.49","6.45","6.57","5.26","9.24","7.06","9.32","5.25","6.19","5.31","8.32","13.71","9.76","10.07","13.98","13.09","14.39","10.8","12.7"
"market_cap","16249.54604","17944.85589","15739.3386","28539.12124","33443.21624","38755.98659","39607.40464","45276.42416","26870.21109","35602.96377","59832.16218","58666.4898","58698.85128","57920.61582","55482.46551","39574.60312","54390.71164","94173.90508","73134.24901","81236.25744","99256.23407999999","110789.48512","123695.84776","147650.79759","179284.30539"
"period_end_price","23.66","26.13","22.86","41.51","48.76","57.77","61.33","72.56","44.67","56.99","93.66","90.59999999999999","89.61","90.81","91.53","67.95999999999999","92.73999999999999","157.58","127.07","147.68","182.02","206.74","239.56","295.67","295.67"
