"Company: ","Darden Restaurants Inc (DRI:US)","","","","","","","","","","","","","","","","","","","","","","","",""
"Exchange: ","NYSE","","","","","","","","","","","","","","","","","","","","","","","",""
"Last Close Price: ","153.09","","","","","","","","","","","","","","","","","","","","","","","",""
"Industry: ","Hotels, Restaurants & Leisure","","","","","","","","","","","","","","","","","","","","","","","",""
"Currency: ","USD","","","","","","","","","","","","","","","","","","","","","","","",""
"Country: ","US","","","","","","","","","","","","","","","","","","","","","","","",""
"Market Cap.: ","18396","","","","","","","","","","","","","","","","","","","","","","","",""
"Enterprise Value: ","19525","","","","","","","","","","","","","","","","","","","","","","","",""
"period_end_date","2000-05","2001-05","2002-05","2003-05","2004-05","2005-05","2006-05","2007-05","2008-05","2009-05","2010-05","2011-05","2012-05","2013-05","2014-05","2015-05","2016-05","2017-05","2018-05","2019-05","2020-05","2021-05","2022-05","2023-05","TTM"
"revenue","3675.461","3992.419","4366.911","4654.971","5003.355","5278.11","5353.6","5567.1","6626.5","7217.5","7113.1","7500.2","5327.1","5921","6285.6","6764","6933.5","7170.2","8080.1","8510.4","7806.9","7196.1","9630","10487.8","11201.7"
"cogs","2891.592","3124.433","3383.607","3647.907","3902.939","4095.828","4098.5","4258.8","5138.7","5636.9","5484","5699.5","4088.3","4616.6","4990.5","5341.5","5392.4","5600.8","6334.7","6661.4","6398.5","5702.6","7635","8404.4","8845.700000000001"
"gross_profit","783.869","867.986","983.304","1007.064","1100.416","1182.282","1255.1","1308.3","1487.8","1580.6","1629.1","1800.7","1238.8","1304.4","1295.1","1422.5","1541.1","1569.4","1745.4","1849","1408.4","1493.5","1995","2083.4","2356"
"sga","363.041","389.24","420.149","431.722","472.109","497.478","506.1","537","641.7","665.6","684.5","742.7","540.1","625.2","665.4","673.5","622.9","627.4","662.1","660.8","614.4","487.3","466.4","504.4","612.6"
"rnd","","","","","","","","","","","","","","","","","","","","","","","","",""
"special_charges","","","","","","","","","","","","","","","","","","","","","","","","",""
"other_opex","130.464","146.864","165.829","191.218","210.004","213.219","197","200.4","245.7","283.1","300.9","316.8","241.3","278.3","304.4","319.3","290.2","272.9","313.1","336.7","355.9","350.9","368.4","387.8","437.3"
"total_opex","493.505","536.104","585.978","622.9400000000001","682.1130000000001","710.697","703.1","737.4","887.4","948.7","985.4","1059.5","781.4","903.5","969.8","992.8","913.1","900.3","975.2","997.5","970.3","838.2","834.8","892.2","1049.9"
"operating_income","290.364","331.882","397.326","384.124","418.303","471.585","552","570.9","600.4","631.9","643.7","741.2","457.4","400.9","325.3","429.7","628","669.1","770.2","851.5","438.1","655.3","1160.2","1191.2","1306.1"
"net_interest_income_normal","","","","","","","","","-85.7","-107.4","-93.90000000000001","-93.59999999999999","-102.1","-126","-134.3","-192.3","-172.5","-40.2","-161.1","-50.2","-57.3","-63.5","-68.7","-81.3","-125.4"
"other_nonoperating_income","-16.457","-30.664","-34.017","-46.521","-85.527","-47.668","-43.9","-40.1","","-12","-6.2","","-0.2","-0.9","-16.4","-62.1","-5.8","8.4","-3.4","-19","-541.8","-15.3","2","10.6","-12.8"
"pretax_income","273.907","301.218","363.309","337.603","332.776","423.917","508.1","530.8","514.7","512.5","543.6","647.6","355.1","274","174.6","175.3","449.7","637.3","605.7","782.3","-161","576.5","1093.5","1120.5","1167.9"
"income_tax","-97.202","-104.218","-125.521","-111.624","-105.603","-133.311","-156.3","-153.7","-145.2","-140.7","-136.6","-168.9","-75.90000000000001","-36.7","8.6","21.1","-90","-154.8","-1.9","-63.7","111.8","55.9","-138.8","-137","-131.8"
"net_income_continuing","176.705","197","237.788","225.979","227.173","290.606","351.8","377.1","369.5","371.8","407","478.7","279.2","237.3","183.2","196.4","359.7","482.5","603.8","718.6","-49.2","632.4","954.7","983.5","1036.1"
"net_income_discontinued","","","","","","","-13.6","-175.7","7.7","0.4","-2.5","-2.4","196.3","174.6","103","513.1","15.3","-3.4","-7.8","-5.2","-3.2","-3.1","-1.9","-1.6","-1.5"
"income_allocated_to_minority_interest","","","","","","","","","","","","","","","","","","","","","","","","",""
"other_income_statement_items","2.8421709430404E-14","","","","","","","2.8421709430404E-14","-5.6843418860808E-14","","","-5.6843418860808E-14","-5.6843418860808E-14","","","","","5.6843418860808E-14","-1.1368683772162E-13","1.1368683772162E-13","7.105427357601E-15","","-1.1368683772162E-13","","5.6843418860808E-14"
"net_income","176.705","197","237.788","225.979","227.173","290.606","338.2","201.4","377.2","372.2","404.5","476.3","475.5","411.9","286.2","709.5","375","479.1","596","713.4","-52.4","629.3","952.8","981.9","1034.6"
"preferred_dividends","","","","","","","","","","","","","","","","","","","","","","","","",""
"net_income_available_to_shareholders","176.705","197","237.788","225.979","227.173","290.606","338.2","201.4","377.2","372.2","404.5","476.3","475.5","411.9","286.2","709.5","375","479.1","596","713.4","-52.4","629.3","952.8","981.9","1034.6"
"eps_basic","0.92","1.09","1.36","1.33","1.39","1.85","2.26","1.4","2.69","2.71","2.9","3.48","3.65","3.19","2.18","5.56","2.94","3.85","4.81","5.78","-0.43","4.83","7.46","8.06","8.609999999999999"
"eps_diluted","0.89","1.06","1.3","1.27","1.34","1.78","2.16","1.35","2.6","2.65","2.84","3.39","3.57","3.13","2.15","5.47","2.9","3.8","4.73","5.69","-0.43","4.77","7.39","7.99","8.529999999999999"
"shares_basic","192.654","179.61","174.7","170.3","163.5","156.7","149.7","143.4","140.4","137.4","139.3","136.8","130.1","129","131","127.7","127.4","124.3","124","123.5","122.7","130.4","127.8","121.9","121.9"
"shares_diluted","197.751","185.607","183.5","177.4","169.7","163.4","156.9","148.8","145.1","140.4","142.4","140.3","133.2","131.6","133.2","129.7","129.3","126","126","125.4","122.7","131.8","129","122.9","122.9"
"cash_and_equiv","26.102","61.814","152.875","48.63","36.694","42.801","42.334","30.2","43.2","62.9","248.8","70.5","70.5","88.2","98.3","535.9","274.8","233.1","146.9","457.3","763.3","1214.7","420.6","367.8","367.8"
"st_investments","","","9.904","","","","","","","","","","","","","","","","","","","","","",""
"receivables","27.962","32.87","29.089","29.023","30.258","36.51","37.111","46.4","69.5","37.1","59.4","65.40000000000001","71.40000000000001","85.40000000000001","83.8","78","64","75.90000000000001","83.7","88.3","49.8","68.2","72","80.2","80.2"
"inventories","142.187","148.429","172.413","173.644","198.781","235.444","198.723","209.6","216.7","247","220.8","300.1","404.1","356.9","196.8","163.9","175.4","178.9","205.3","207.3","206.9","190.8","270.6","287.9","287.9"
"other_current_assets","94.209","85.029","85.25","74.33199999999999","80.574","92.511","99.43899999999999","259.2","138.5","207.8","161.2","227.8","211.6","234.4","1596.9","278.6","306.1","100","117.7","139.7","81.40000000000001","397.4","416.2","261.8","261.8"
"total_current_assets","290.46","328.142","449.531","325.629","346.307","407.266","377.607","545.4","467.9","554.8","690.2","663.8","757.6","764.9","1975.8","1056.4","820.3","587.9","553.6","892.6","1101.4","1871.1","1179.4","997.7","997.7"
"equity_and_other_investments","","","","","","","","","","","","18.4","33","","","","","","","","","","","",""
"ppe_gross","2589.831","2877.066","3139.062","3521.83","3779.355","4016.2","4228.555","3961.4","4991.7","5429.1","5736.5","6167.4","6725.6","7440.9","5431.2","5520.4","3860.6","4269.1","4661.5","5035.2","9367","9489.4","9962","10521","10521"
"accumulated_depreciation","-1011.29","-1097.551","-1218.294","-1364.698","-1528.739","-1664.746","-1782.52","-1777","-1925.7","-2122.4","-2332.8","-2545.4","-2774.3","-3049.8","-2050.2","-2304.6","-1819","-1996.8","-2231.7","-2482.6","-2640.9","-2843.8","-3140.9","-3422","-3422"
"ppe_net","1578.541","1779.515","1920.768","2157.132","2250.616","2351.454","2446.035","2184.4","3066","3306.7","3403.7","3622","3951.3","4391.1","3381","3215.8","2041.6","2272.3","2429.8","2552.6","6726.1","6645.6","6821.1","7099","7099"
"intangible_assets","","","","","","55.735","","","455","454.4","454","538.2","550","647.1","665.1","667.7","674","1052.2","1086.4","1075.4","891.5","873.2","879.1","884.6","884.6"
"goodwill","","","","","","","","","519.9","518.7","517.3","517.1","538.6","908.3","872.5","872.4","872.3","1201.7","1183.7","1183.7","1037.4","1037.4","1037.4","1037.4","1037.4"
"other_lt_assets","102.422","108.877","159.437","181.872","183.425","123.316","186.528","151","221.8","190.6","210.9","107.1","113.7","225.5","188.3","182.4","174.4","178.2","216.1","188.5","189.7","228.8","218.8","222.8","222.8"
"total_assets","1971.423","2216.534","2529.736","2664.633","2780.348","2937.771","3010.17","2880.8","4730.6","5025.2","5276.1","5466.6","5944.2","6936.9","7082.7","5994.7","4582.6","5292.3","5469.6","5892.8","9946.1","10656.1","10135.8","10241.5","10241.5"
"accounts_payable","140.487","156.859","160.064","175.991","174.624","191.197","213.239","178","245.1","237","246.4","251.3","260.7","296.5","233.1","198.8","241.9","249.5","277","332.6","249.4","304.5","366.9","426.2","426.2"
"tax_payable","","","","","","","","","57.8","121.2","114.5","135.1","121","158.4","134.9","128","107.8","123","129.3","135.8","100","170.3","177","170.5","170.5"
"current_accrued_liabilities","","157.715","186.914","189.019","190.52","210.831","234.821","227.8","129.3","317.5","48.1","181.1","169.9","168.2","145.6","152.5","140.2","156.4","185","183.8","159.7","187.1","193.7","189","189"
"st_debt","117.513","14.647","","","14.5","299.929","193.948","211.4","178.4","150","225","185.5","612.6","164.5","222.6","15","","","","","270","","","",""
"current_deferred_revenue","","","","72.69799999999999","75.51300000000001","88.47199999999999","100.761","109.9","160.5","138.3","172.7","200","231.7","270.5","299.7","328.6","360.4","388.6","415.8","428.5","467.9","474.2","498","512","512"
"current_deferred_tax_liability","","","","","","","","","","","","","","","","","","","","","","","","",""
"other_current_liabilities","348.887","225.037","254.036","202.201","228.324","254.178","283.309","347.3","365.1","132.1","403.1","333.8","378.2","358.3","582.6","373.8","336.8","371.7","377.4","390.5","379.5","528.1","409.4","443.7","443.7"
"total_current_liabilities","606.8869999999999","554.258","601.014","639.909","683.481","1044.607","1026.078","1074.4","1136.2","1096.1","1209.8","1286.8","1774.1","1416.4","1618.5","1196.7","1187.1","1289.2","1384.5","1474.1","1792.8","1848.3","1847.5","1937.4","1937.4"
"lt_debt","304.073","517.927","662.506","658.086","653.349","350.318","494.653","491.6","1634.3","1632.3","1408.7","1407.3","1453.7","2496.2","2463.4","1452.3","440","936.6","926.5","927.7","928.8","930","929","930.3","930.3"
"noncurrent_capital_leases","","","","","","","","","59.9","58.9","57.6","56","54.4","52.5","","","","","","","4276.3","4088.5","3755.8","3667.6","3667.6"
"pension_liabilities","","","","","","","","","","","","","","","","","","","","","","","","",""
"noncurrent_deferred_revenue","79.102","90.782","117.709","150.537","132.69","114.846","90.57299999999999","25.8","336.6","451.6","438.7","531.6","517.3","586.9","492.3","567.7","504.9","428.4","432","511.3","56.1","221.6","201.1","142.2","142.2"
"other_lt_liabilities","20.891","20.249","19.63","19.91","135.54","154.981","169.103","194.5","154.5","180.3","267.3","248.7","302.7","325.4","351.6","444.5","498.6","536.4","531.8","587.1","560.9","754.6","1204.2","1362.5","1362.5"
"total_liabilities","1010.953","1183.216","1400.859","1468.442","1605.06","1664.752","1780.407","1786.3","3321.5","3419.2","3382.1","3530.4","4102.2","4877.4","4925.8","3661.2","2630.6","3190.6","3274.8","3500.2","7614.9","7843","7937.6","8040","8040"
"common_stock","1352","1406","1474","1526","1584","","","","","","","2409","2519","1208","1302","1406","1503","1615","1632","1685","2205","2287","2226","2231","2231"
"preferred_stock","","","","","","","","","","","","","","","","","","","","","","","","",""
"retained_earnings","344.579","532.121","760.684","979.443","1127.653","1405.754","1684.742","1820.4","2096","2357.4","2621.9","2921.9","3172.8","998.9","995.8","1026","547.5","560.1","657.6","806.6","143.5","522.3","-25.9","-32.5","-32.5"
"aoci","-68.979","-64.348","-60.946","-54.916","-52.712","-51.236","-50.124","-53.7","-20.7","-57.2","-71.09999999999999","-59.8","-146.6","-132.8","-128.1","-86.59999999999999","-87","-62.9","-85.2","-98.2","-17.6","4.2","-1.9","3.2","3.2"
"apic","","","","","","1703.336","1806.367","1904.3","2074.9","2183.1","2297.9","","","","","","","","","","","","","",""
"treasury_stock","-666.837","-840.254","-1044.915","-1254.293","-1483.768","-1784.835","-2211.222","-2576.5","-2724","-2864.2","-2943.5","-3325.3","-3695.8","-8.1","-7.8","-7.8","-7.8","-7.8","-7.8","","","","","",""
"other_equity","-0.29299999999989","-0.20100000000025","0.053999999999633","-0.04300000000012","0.11499999999978","2.2737367544323E-13","4.5474735088646E-13","","-17.100000000001","-13.1","-11.200000000001","-9.5999999999992","-7.399999999999601","-6.5","-5","-4.0999999999999","-3.7","-2.6999999999998","-1.7999999999997","-0.80000000000018","0.29999999999973","-0.40000000000009","","-0.19999999999982","-0.19999999999982"
"minority_interest_liability","","","","","","","","","","","","","","","","","","","","","","","","",""
"total_equity","960.47","1033.318","1128.877","1196.191","1175.288","1273.019","1229.763","1094.5","1409.1","1606","1894","1936.2","1842","2059.5","2156.9","2333.5","1952","2101.7","2194.8","2392.6","2331.2","2813.1","2198.2","2201.5","2201.5"
"total_liabilities_and_equity","1971.423","2216.534","2529.736","2664.633","2780.348","2937.771","3010.17","2880.8","4730.6","5025.2","5276.1","5466.6","5944.2","6936.9","7082.7","5994.7","4582.6","5292.3","5469.6","5892.8","9946.1","10656.1","10135.8","10241.5","10241.5"
"cfo_net_income","176.705","197","237.788","225.979","227.173","290.606","338.2","201.4","369.5","371.8","2.5","478.7","279.2","237.3","183.2","196.4","359.7","482.5","603.8","718.6","-49.2","632.4","954.7","983.5","1036.1"
"cfo_da","136.359","153.895","173.407","198.119","217.603","224.26","200","202.1","245.7","283.1","300.9","316.8","241.3","278.3","304.4","319.3","290.2","272.9","313.1","336.7","355.9","350.9","368.4","387.8","437.3"
"cfo_receivables","","-4.908","3.781","0.066","-0.279","-5.533","-0.7","-5.9","-1.5","32.4","-15.8","-5.9","-10.7","-11.1","-1.5","7.8","14","-6.5","-7.2","2.1","13.7","-18.4","-3.9","-8.199999999999999","-6.4"
"cfo_inventory","","-6.242","-23.984","-1.231","-25.137","-36.663","37","-14.2","9.5","-30.2","26.2","-79.3","-53.4","-1.8","-25.6","64.5","-11.8","5","-26.6","-2.1","-13.9","16.1","-79.8","-17.3","16.1"
"cfo_prepaid_expenses","","-0.289","1.987","-8.523","-0.19","-4.463","-2.1","-5.6","-2.6","0.5","-5","-5","-2.6","-11.1","0.5","2.9","-10.8","-1.1","-12.5","-8.199999999999999","-2.8","3.1","-22.6","-24.5","-6"
"cfo_other_working_capital","2.101","52.537","67.81999999999999","45.734","27.813","75.626","95.59999999999999","8.5","48.3","-141.5","138.9","90.40000000000001","-18.6","38.8","63.4","20.4","54.7","143.1","89.5","88.40000000000001","-32","-3.7","2.2","234.7","66.2"
"cfo_change_in_working_capital","2.101","41.098","49.604","36.046","2.207","28.967","129.8","-17.2","53.7","-138.8","144.3","0.2","-85.3","14.8","36.8","95.59999999999999","46.1","140.5","43.2","80.2","-35","-2.9","-104.1","184.7","69.90000000000001"
"cfo_deferred_tax","24.609","11.75","22.8","32.026","16.688","-24.722","-30.7","-27.1","31.1","89.5","-10.2","28.8","38.1","-0.4","-44.9","42","-10.8","-22.9","-20.6","47.5","-133.6","169.2","-23.7","-59.5","-1.7"
"cfo_stock_comp","","","","","","","","","48.9","41.5","53.5","66.59999999999999","46.7","40","38.7","53.7","37.3","40.7","42.8","59.8","53","72.40000000000001","60.5","67.5","72.7"
"cfo_other_noncash_items","-2.654","16.827","24.543","16.465","61.74","64.131","79.7","247.2","-14.7","135.3","411","1.5","-188.7","379.3","251.9","-236","55.5","-15.7","19","14.4","520.2","-28","0.29999999999995","-18.4","-17.3"
"cf_cfo","337.12","420.57","508.142","508.635","525.4109999999999","583.242","717","606.4","734.2","782.4","902","892.6","331.3","949.3","770.1","471","778","898","1001.3","1257.2","711.3","1194","1256.1","1545.6","1597"
"cfi_ppe_net","-247.948","-341.647","-307.651","-415.632","-338.129","-311.21","-252.9","-287.3","-423.3","-534.3","-419.6","-540.7","-454.5","-509.8","-410.4","-228.6","96.90000000000001","-284.7","-392.7","-438.8","-454.1","-249.5","-366.8","-539.5","-609.2"
"cfi_acquisitions_net","","","","","","","","","-1198.1","","","","-58.5","-577.4","","","","-764.4","-40.4","","-55.8","","","","-699.9"
"cfi_investment_net","","","-9.904","10","","","","","8.199999999999999","-28.1","-2.7","-1.4","-10.8","13.1","5.7","9.699999999999999","1.8","2.8","","","","","","",""
"cfi_intangibles_net","","","","","","","","","","","","","","","","","","","","","","","","",""
"cfi_other","-1.82","-10.73","-56.241","-14.1","-5.128","-1.931","-71.7","-8.300000000000001","86.5","4.5","-3.8","-7.8","232.9","-212.9","-176.1","1970","-17","-22.6","-17.8","-23.8","-34.1","-14.2","-22.2","-28.9","-25.8"
"cf_cfi","-249.768","-352.377","-373.796","-419.732","-343.257","-313.141","-324.6","-295.6","-1526.7","-557.9","-426.1","-549.9","-290.9","-1287","-580.8","1751.1","81.7","-1068.9","-450.9","-462.6","-544","-263.7","-389","-568.4","-1334.9"
"cff_common_stock_net","-186.347","-139.81","-168.058","-179.647","-195.606","-236.989","-372.4","-314.6","-92.59999999999999","-87.40000000000001","-18.8","-322.5","-304.9","12","57.6","-342.6","-85.5","-117.1","-197","-148.2","195.6","0.8","-1031.1","-423.3","-337.7"
"cff_pfd_net","","","","","","","","","","","","","","","","","","","","","","","","",""
"cff_debt_net","81.514","110.796","128.683","","14.5","-14.5","38.7","17.4","991.5","-29.4","-153.1","-42.5","473.5","594.3","41.1","-1182.6","-1100.2","501.8","-113.6","34.7","264.8","-277.1","-12.9","-19.8","639.1"
"cff_dividend_paid","-10.134","-9.458","-9.225","-13.501","-12.984","-12.505","-59.2","-65.7","-100.9","-110.2","-140","-175.5","-223.9","-258.2","-288.3","-278.9","-268.2","-279.1","-313.5","-370.8","-322.3","-202.6","-563","-589.8","-618.6"
"cff_other","12.757","5.991","5.315","","","-5.6843418860808E-14","","40","7.5","22.2","21.9","19.5","14.9","7.3","10.4","19.6","333.1","23.6","-12.5","0.10000000000002","0.6000000000000201","","-2.7","-0.19999999999982","-11.7"
"cf_cff","-102.21","-32.481","-43.285","-193.148","-194.09","-263.994","-392.9","-322.9","805.5","-204.8","-290","-521","-40.4","355.4","-179.2","-1784.5","-1120.8","129.2","-636.6","-484.2","138.7","-478.9","-1609.7","-1033.1","-328.9"
"ebitda","426.723","485.777","570.7329999999999","582.2430000000001","635.9059999999999","695.845","752","773","846.1","915","944.6","1058","698.7","679.2","629.7","749","918.2","942","1083.3","1188.2","794","1006.2","1528.6","1579","1743.4"
"capex","-247.948","-341.647","-307.651","-415.632","-338.129","-311.21","-252.9","-287.3","-423.3","-534.3","-419.6","-540.7","-454.5","-509.8","-410.4","-228.6","96.90000000000001","-284.7","-392.7","-438.8","-454.1","-249.5","-366.8","-539.5","-609.2"
"fcf","89.172","78.923","200.491","93.003","187.282","272.032","464.1","319.1","310.9","248.1","482.4","351.9","-123.2","439.5","359.7","242.4","874.9","613.3","608.6","818.4","257.2","944.5","889.3","1006.1","987.8"
"book_value","960.47","1033.318","1128.877","1196.191","1175.288","1273.019","1229.763","1094.5","1409.1","1606","1894","1936.2","1842","2059.5","2156.9","2333.5","1952","2101.7","2194.8","2392.6","2331.2","2813.1","2198.2","2201.5","2180.9"
"tangible_book_value","960.47","1033.318","1128.877","1196.191","1175.288","1217.284","1229.763","1094.5","434.2","632.9","922.7","880.9","753.4","504.1","619.3","793.4","405.7","-152.2","-75.3","133.5","402.3","902.5","281.7","279.5","-364.9"
"roa","0.09","0.09","0.1","0.09","0.08","0.1","0.11","0.07000000000000001","0.1","0.08","0.08","0.09","0.08","0.06","0.04","0.11","0.07000000000000001","0.1","0.11","0.13","-0.01","0.06","0.09","0.1","0.1"
"roe","0.18","0.2","0.22","0.19","0.19","0.24","0.27","0.17","0.3","0.25","0.23","0.25","0.25","0.21","0.14","0.32","0.18","0.24","0.28","0.31","-0.02","0.24","0.38","0.45","0.49"
"roic","0.13","0.13","0.14","0.12","0.12","0.15","0.18","0.11","0.15","0.11","0.12","0.13","0.13","0.09","0.06","0.16","0.12","0.18","0.19","0.22","-0.01","0.08","0.13","0.14","0.15"
"roce","0.2","0.21","0.22","0.19","0.2","0.22","0.25","0.27","0.21","0.16","0.15","0.17","0.1","0.08","0.06","0.08","0.15","0.18","0.19","0.2","0.07000000000000001","0.08","0.14","0.14","0.15"
"rotce","0.2","0.21","0.22","0.19","0.2","0.22","0.26","0.27","0.25","0.21","0.2","0.22","0.13","0.1","0.08","0.12","0.25","0.37","0.43","0.43","0.1","0.1","0.17","0.19","0.2"
"gross_margin","0.21","0.22","0.23","0.22","0.22","0.22","0.23","0.24","0.22","0.22","0.23","0.24","0.23","0.22","0.21","0.21","0.22","0.22","0.22","0.22","0.18","0.21","0.21","0.2","0.21"
"ebitda_margin","0.12","0.12","0.13","0.13","0.13","0.13","0.14","0.14","0.13","0.13","0.13","0.14","0.13","0.11","0.1","0.11","0.13","0.13","0.13","0.14","0.1","0.14","0.16","0.15","0.16"
"operating_margin","0.08","0.08","0.09","0.08","0.08","0.09","0.1","0.1","0.09","0.09","0.09","0.1","0.09","0.07000000000000001","0.05","0.06","0.09","0.09","0.1","0.1","0.06","0.09","0.12","0.11","0.12"
"pretax_margin","0.07000000000000001","0.08","0.08","0.07000000000000001","0.07000000000000001","0.08","0.09","0.1","0.08","0.07000000000000001","0.08","0.09","0.07000000000000001","0.05","0.03","0.03","0.06","0.09","0.07000000000000001","0.09","-0.02","0.08","0.11","0.11","0.1"
"net_income_margin","0.05","0.05","0.05","0.05","0.05","0.06","0.06","0.04","0.06","0.05","0.06","0.06","0.09","0.07000000000000001","0.05","0.1","0.05","0.07000000000000001","0.07000000000000001","0.08","-0.01","0.09","0.1","0.09","0.09"
"fcf_margin","0.02","0.02","0.05","0.02","0.04","0.05","0.09","0.06","0.05","0.03","0.07000000000000001","0.05","-0.02","0.07000000000000001","0.06","0.04","0.13","0.09","0.08","0.1","0.03","0.13","0.09","0.1","0.09"
"assets_to_equity","2.05","2.15","2.24","2.23","2.37","2.31","2.45","2.63","3.36","3.13","2.79","2.82","3.23","3.37","3.28","2.57","2.35","2.52","2.49","2.46","4.27","3.79","4.61","4.65","5.21"
"equity_to_assets","0.49","0.47","0.45","0.45","0.42","0.43","0.41","0.38","0.3","0.32","0.36","0.35","0.31","0.3","0.3","0.39","0.43","0.4","0.4","0.41","0.23","0.26","0.22","0.21","0.19"
"debt_to_equity","0.44","0.52","0.59","0.55","0.57","0.51","0.5600000000000001","0.64","1.33","1.15","0.89","0.85","1.15","1.32","1.25","0.63","0.23","0.45","0.42","0.39","2.35","1.78","2.13","2.09","2.43"
"debt_to_assets","0.21","0.24","0.26","0.25","0.24","0.22","0.23","0.24","0.4","0.37","0.32","0.3","0.36","0.39","0.38","0.24","0.1","0.18","0.17","0.16","0.55","0.47","0.46","0.45","0.47"
"revenue_per_share","18.59","21.51","23.8","26.24","29.48","32.3","34.12","37.41","45.67","51.41","49.95","53.46","39.99","44.99","47.19","52.15","53.62","56.91","64.13","67.87","63.63","54.6","74.65000000000001","85.34","92.36"
"ebitda_per_share","2.16","2.62","3.11","3.28","3.75","4.26","4.79","5.19","5.83","6.52","6.63","7.54","5.25","5.16","4.73","5.77","7.1","7.48","8.6","9.48","6.47","7.63","11.85","12.85","14.38"
"operating_income_per_share","1.47","1.79","2.17","2.17","2.46","2.89","3.52","3.84","4.14","4.5","4.52","5.28","3.43","3.05","2.44","3.31","4.86","5.31","6.11","6.79","3.57","4.97","8.99","9.69","10.77"
"pretax_income_per_share","1.39","1.62","1.98","1.9","1.96","2.59","3.24","3.57","3.55","3.65","3.82","4.62","2.67","2.08","1.31","1.35","3.48","5.06","4.81","6.24","-1.31","4.37","8.48","9.119999999999999","9.630000000000001"
"fcf_per_share","0.45","0.43","1.09","0.52","1.1","1.66","2.96","2.14","2.14","1.77","3.39","2.51","-0.92","3.34","2.7","1.87","6.77","4.87","4.83","6.53","2.1","7.17","6.89","8.19","8.16"
"book_value_per_share","4.86","5.57","6.15","6.74","6.93","7.79","7.84","7.36","9.710000000000001","11.44","13.3","13.8","13.83","15.65","16.19","17.99","15.1","16.68","17.42","19.08","19","21.34","17.04","17.91","18.11"
"tangible_book_per_share","4.86","5.57","6.15","6.74","6.93","7.45","7.84","7.36","2.99","4.51","6.48","6.28","5.66","3.83","4.65","6.12","3.14","-1.21","-0.6","1.06","3.28","6.85","2.18","2.27","-3.03"
"payout_ratio","0.06","0.05","0.04","0.06","0.06","0.04","0.19","0.34","0.28","0.3","0.35","0.38","0.48","0.64","1.02","0.4","0.72","0.59","0.53","0.53","-6.14","0.32","0.6","0.61","0.6"
"revenue_growth","0.06","0.09","0.09","0.07000000000000001","0.07000000000000001","0.05","0.01","0.04","0.19","0.09","-0.01","0.05","-0.29","0.11","0.06","0.08","0.03","0.03","0.13","0.05","-0.08","-0.08","0.34","0.09",""
"gross_profit_growth","0.09","0.11","0.13","0.02","0.09","0.07000000000000001","0.06","0.04","0.14","0.06","0.03","0.11","-0.31","0.05","-0.01","0.1","0.08","0.02","0.11","0.06","-0.24","0.06","0.34","0.04",""
"ebitda_growth","0.19","0.14","0.17","0.02","0.09","0.09","0.08","0.03","0.09","0.08","0.03","0.12","-0.34","-0.03","-0.07000000000000001","0.19","0.23","0.03","0.15","0.1","-0.33","0.27","0.52","0.03",""
"operating_income_growth","0.28","0.14","0.2","-0.03","0.09","0.13","0.17","0.03","0.05","0.05","0.02","0.15","-0.38","-0.12","-0.19","0.32","0.46","0.07000000000000001","0.15","0.11","-0.49","0.5","0.77","0.03",""
"pretax_income_growth","0.27","0.1","0.21","-0.07000000000000001","-0.01","0.27","0.2","0.04","-0.03","","0.06","0.19","-0.45","-0.23","-0.36","","1.57","0.42","-0.05","0.29","-1.21","4.58","0.9","0.02",""
"net_income_growth","0.26","0.11","0.21","-0.05","0.01","0.28","0.16","-0.4","0.87","-0.01","0.09","0.18","","-0.13","-0.31","1.48","-0.47","0.28","0.24","0.2","-1.07","13.01","0.51","0.03",""
"eps_diluted_growth","0.35","0.19","0.23","-0.02","0.06","0.33","0.21","-0.38","0.93","0.02","0.07000000000000001","0.19","0.05","-0.12","-0.31","1.54","-0.47","0.31","0.24","0.2","-1.08","12.09","0.55","0.08",""
"shares_diluted_growth","-0.07000000000000001","-0.06","-0.01","-0.03","-0.04","-0.04","-0.04","-0.05","-0.02","-0.03","0.01","-0.01","-0.05","-0.01","0.01","-0.03","","-0.03","","","-0.02","0.07000000000000001","-0.02","-0.05",""
"cash_and_equiv_growth","-0.36","1.37","1.47","-0.68","-0.25","0.17","-0.01","-0.29","0.43","0.46","2.96","-0.72","","0.25","0.11","4.45","-0.49","-0.15","-0.37","2.11","0.67","0.59","-0.65","-0.13",""
"ppe_growth","0.08","0.13","0.08","0.12","0.04","0.04","0.04","-0.11","0.4","0.08","0.03","0.06","0.09","0.11","-0.23","-0.05","-0.37","0.11","0.07000000000000001","0.05","1.63","-0.01","0.03","0.04",""
"total_assets_growth","0.04","0.12","0.14","0.05","0.04","0.06","0.02","-0.04","0.64","0.06","0.05","0.04","0.09","0.17","0.02","-0.15","-0.24","0.15","0.03","0.08","0.6899999999999999","0.07000000000000001","-0.05","0.01",""
"total_equity_growth","","0.08","0.09","0.06","-0.02","0.08","-0.03","-0.11","0.29","0.14","0.18","0.02","-0.05","0.12","0.05","0.08","-0.16","0.08","0.04","0.09","-0.03","0.21","-0.22","",""
"cfo_growth","-0.03","0.25","0.21","","0.03","0.11","0.23","-0.15","0.21","0.07000000000000001","0.15","-0.01","-0.63","1.87","-0.19","-0.39","0.65","0.15","0.12","0.26","-0.43","0.68","0.05","0.23",""
"capex_growth","-1.9","-0.38","0.1","-0.35","0.19","0.08","0.19","-0.14","-0.47","-0.26","0.21","-0.29","0.16","-0.12","0.19","0.44","1.42","-3.94","-0.38","-0.12","-0.03","0.45","-0.47","-0.47",""
"fcf_growth","-0.66","-0.11","1.54","-0.54","1.01","0.45","0.71","-0.31","-0.03","-0.2","0.9399999999999999","-0.27","-1.35","4.57","-0.18","-0.33","2.61","-0.3","-0.01","0.34","-0.6899999999999999","2.67","-0.06","0.13",""
"shares_eop","183.196","175.982","172.135","164.95","158.431","154.391","146.998","141.4","140.5","139.3","140.63","134.642","129.027","130.292","132.314","126.669","126.216","125.418","123.54","123.08","129.894","130.763","123.946","121.071","119.36"
"dividends","0.05","0.05","0.05","0.08","0.08","0.08","0.4","0.46","0.72","0.8","1","1.28","1.72","2","2.2","2.2","2.1","2.24","2.52","3","2.64","1.55","4.4","4.84","5.14"
"price_to_earnings","10.64","14.87","16.29","12.95","14.05","15.45","13.78","28.65","11.42","12.12","13.35","12.82","12.57","14.67","20.75","10.48","22.83","23.28","18.12","20.07","-190.53","29.76","16.26","19.55","19.7"
"price_to_book","1.96","2.84","3.43","2.45","2.72","3.53","3.79","5.27","3.06","2.81","2.85","3.15","3.24","2.93","2.75","3.19","4.39","5.31","4.92","5.98","4.28","6.66","7.05","8.720000000000001","9.35"
"price_to_sales","0.51","0.73","0.89","0.63","0.64","0.85","0.87","1.04","0.65","0.63","0.76","0.8100000000000001","1.12","1.02","0.9399999999999999","1.1","1.23","1.56","1.34","1.68","1.28","2.6","1.61","1.83","1.82"
"price_to_tangible_book","1.96","2.84","3.43","2.45","2.72","3.69","3.79","5.27","9.92","7.13","5.85","6.93","7.93","11.99","9.59","9.369999999999999","21.1","-73.28","-143.41","107.24","24.82","20.75","55","68.67","-55.86"
"price_to_fcf","21.08","37.13","19.32","31.46","17.05","16.5","10.04","18.08","13.86","18.19","11.2","17.35","-48.51","13.75","16.51","30.67","9.789999999999999","18.19","17.74","17.49","38.82","19.83","17.42","19.08","20.63"
"market_cap","1879.59096","2930.1003","3873.0375","2926.213","3192.38465","4489.69028","4661.30658","5769.12","4309.135","4511.927","5401.5983","6106.0147","5976.53064","6042.94296","5938.25232","7434.20361","8561.23128","11153.42274","10798.6314","14316.6656","9983.652840000001","18729.18449","15493.25","19192.17492","20382.774"
"period_end_price","10.26","16.65","22.5","17.74","20.15","29.08","31.71","40.8","30.67","32.39","38.41","45.35","46.32","46.38","44.88","58.69","67.83","88.93000000000001","87.41","116.32","76.86","143.23","125","158.52","158.52"
